Прием врача и амбулаторные процедуры,Unnamed: 1,Unnamed: 2,Unnamed: 3
Услуга,Единица измерения,Стоимость,
"Прием терапевта, хирурга:                                                                                            Клинический осмотр, сбор данных истории жизни и болезни, термометрия, аускультация, пальпация, осмотр ротовой полости, ушных раковин, кожных покровов, взвешивание. Постановка предварительного и дифференциальных диагнозов. Выработка тактики дальнейшего обследования и лечения животного.                 ",одно животное,1150,руб
"Повторный прием терапевта, хирурга:                                                                                                                                    Клинический осмотр животного, консультация по результатам обследования и контроль эффективности лечения. Уточнение диагноза и лечения. Визит к лечащему врачу в назначенные сроки                  ",одно животное,850,руб
"Консультация без животного по вопросам содержания, кормления, лечения и результатам диагностических исследований (в пределах 15 минут)                                              ",одна консультация,650,руб
Тонометрия,одна манипуляция,330,руб
"Прием кардиолога, репродуктолога, невролога                                                    ",одно животное,1700,руб
"Повторный прием кардиолога, репродуктолога, невролога ",одно животное,1200,руб
Прием-консультация анестезиолога с определением степени анестезиологического риска,одно животное,650,руб
Прием дерматолога,одно животное,2000,руб
Повторный прием дерматолога,одно животное,1500,руб
"Вызов дерматолога на дом (вызов, осмотр, консультация, назначение лечения, в пределах КАД)",одно животное,5000,руб
Консультация главного врача,одна консультация,1650,руб
Государственная регистрация с выдачей ветеринарного паспорта,одно животное,200,руб
Перерегистрация животного,одно животное,200,руб
Вакцинация (без стоимости вакцины),одно животное,1000,руб
"Чипирование (со стоимостью расходных материалов,                                      с внесением  в базу данных Animal-ID) ",одно животное,1700,руб
"Вызов ветеринарного врача на дом                                                                    (вызов, осмотр, постановка диагноза, назначение лечения, в пределах КАД)",одно посещение,3000,руб
Чистка и обработка ушных раковин                       ,одно животное,400,руб
Удаление иксодового клеща,одна манипуляция,350,руб
Обучение выполнению манипуляций,одна манипуляция,200,руб
Фиксация животного,один помощник,350,руб
Фиксация агрессивного животного,один помощник,500,руб
"Подкожная, внутримышечная инъекция ",одна инъекция,180,руб
Внутривенная инъекция: ,,,
струйно,одна инъекция,450,руб
"в установленный катетер, курсовое лечение",одна инъекция,150,руб
капельно первый час,первый час,700,руб
капельно каждый последующий час,последующий час,500,руб
Внутрисуставное введение лекарственного препарата,одна манипуляция,1000,руб
Обработка глаз,одна манипуляция,150,руб
Взятие анализа крови для диагностического исследования,одна манипуляция,450,руб
"Взятие мазка, соскоба без микроскопии",одна манипуляция,350,руб
Глюкозометрия экспресс (со стоимостью тест-полоски),одна манипуляция,350,руб
Постановка внутривенного катетера,одна манипуляция,600,руб
Снятие внутривенного катетера ,одна манипуляция,250,руб
Замена внутривенного катетера,одна манипуляция,600,руб
"Оральное введение лекарственных препаратов, рентгеноконтрастных средств",одна манипуляция,300,руб
Ректальное введение лекарственных препаратов,одна манипуляция,200,руб
ЛЮМ-диагностика,одно животное,300,руб
Очистка параанальных желез,одно животное,500,руб
"Ларингоскопия, осмотр ротовой полости",одно животное,250,руб
Вагинальное исследование,одно животное,250,руб
Ректальное исследование,одно животное,250,руб
Гигиеническая стрижка,одно животное,,
"кошка,кот (включая стоимость анестезии)",,3000,руб
собака 1 степень (включая стоимость анестезии),одно животное,,
Мелкая собака до 10 кг,,3000,руб
Средняя собака 10-30 кг,,3500,руб
Крупная собака свыше 30 кг,,4000,руб
собака 2 степень (включая стоимость анестезии),одно животное,,
Мелкая собака до 10 кг,,3500,руб
Средняя собака 10-30 кг,,4000,руб
Крупная собака свыше 30 кг,,5000,руб
Обработка против эктопаразитов (без стоимости препаратов),одно животное,350,руб
Подрезание когтей                                                  ,одно животное,,
"Кошки, декоративные, мелкие собаки до 10кг",одно животное,450,руб
Средние и крупные собаки,одно животное,550,руб
Подрезание зубов у кролика,одно животное,450,руб
Взятие мочи цистоцентезом,одна манипуляция,700,руб
Цистоцентез для опорожнения мочевого пузыря,одна манипуляция,800,руб
Физиотерапия,один сеанс,150,руб
Физиотерапия                                                                                  ,курс 10 процедур,990,руб
Электрокардиограмма (снятие и расшифровка)                                                            ,одно животное,950,руб
Хирургические процедуры,,,
Услуга,Единица измерения,Стоимость,
Обработка экзем и ран без наложения швов (без стоимости обезболивания)  ,одно животное,,
1 степени ,,600,руб
2 степени,,1500,руб
3 степени,,2600,руб
Обработка ран с наложением швов   ,одно животное,,
1 степени,,1800,руб
2 степени,,3100,руб
3 степени,,4800,руб
"с наложением сухожильных, сближающих, ситуационных швов",,7300,руб
"Вскрытие абсцессов, флегмон, гематом (без обезболивания) с промыванием",одна манипуляция,1200,руб
Консервативное лечение (прокол) гематомы уха ,одно ухо,700,руб
Постановка дренажа,один дренаж,500,руб
Смена дренажа,один дренаж,350,руб
Промывание дренированной раны,одна манипуляция,250,руб
Наложение бинтовой и/или иммобилизирующей повязки ,одна манипуляция,350,руб
Постановка очистительной клизмы           ,одно животное,,
1 степени сложности,,2950,руб
2 степени сложности,,5320,руб
Торакоцентез с целью взятия пат.материала для исследования,одна манипуляция,700,руб
Торакоцентез с отведением транссудата/экссудата,одна манипуляция,2150,руб
Лапароцентез диагностический,одна манипуляция,500,руб
Лапароцентез с целью отведения экссудата/транссудата ,одно животное,,
до часа,,1500,руб
каждый последующий час,,940,руб
Перикардиоцентез,одно животное,5500,руб
Цистография с контрастированием,одна манипуляция,4500,руб
Экскреторная урография,одна манипуляция,4500,руб
Диагностическая пункция сустава,одно животное,550,руб
Установка плеврального дренажа,одно животное,3460,руб
"Взятие пробы для цитологического, гистологического исследования ",одна манипуляция,700,руб
Обработка швов,одно животное,220,руб
Снятие швов                                                                                ,одно животное,380,руб
Снятие гипсовой повязки,одно животное,1650,руб
Анестезия и интенсивная терапия,,,
Услуга,Единица измерения,Стоимость,
Анестезия животного для проведения диагностических процедур/катетеризации/стрижки ,одно животное,1000,руб
"Общая анестезия пациентам 1-2 класса по степени анестезиологического риска. К пациентам 1-2 класса относятся животные до 7 лет, не имеющие сопутствующих заболеваний. Включает осмотр анестезиолога, постановку в/в катетера, мониторинг состояния во время операции, выведение из состояния наркоза. И/или нетяжелые операции продолжительностью до 60 минут.",одно животное,1800,руб
"Общая анестезия пациентам 3 класса по степени анестезиологического риска. К пациентам 3 класса относятся животные, имеющие сопутствующие заболевания в стадии компенсации. Включает осмотр анестезиолога, постановку в/в катетера, тонометрию, мониторинг состояния во время операции, выведение из состояния наркоза, при необходимости - интраоперационная инфузионная терапия. И/или операции средней тяжести продолжительностью до 60 минут.",одно животное,2500,руб
"Общая анестезия пациентам 4 класса по степени анестезиологического риска. К пациентам 4 класса относятся животные, имеющие сопутствующие заболевания, близкие к стадии декомпенсации, ослабленные, пожилые животные, кардиологически больные животные. Включает осмотр анестезиолога, постановку в/в катетера, мониторинг состояния во время операции, тонометрию, кардиомониторинг, инфузионную терапию во время операции, выведение из состояния наркоза. И/или тяжелые операции и операции средней тяжести продолжительностью свыше 60 минут",одно животное,4000,руб
"Общая анестезия пациентам 5 класса по степени анестезиологического риска. К пациентам 5 класса относятся животные в агональном состоянии, имеющие большую вероятность погибнуть в ближайшие 24 часа, независимо от вмешательства.  Включает осмотр анестезиолога, постановку в/в катетера, мониторинг состояния во время операции, тонометрию, кардиомониторинг, инфузионную терапию во время операции, оксигенотерапию, выведение из состояния наркоза, приведшие к положительному итогу. И/или тяжелые операции , связанные со значительным риском для жизни продолжительностью до 60 минут",одно животное,5500,руб
"Общая анестезия пациентам 5 класса по степени анестезиологического риска. К пациентам 5 класса относятся животные в агональном состоянии, имеющие большую вероятность погибнуть в ближайшие 24 часа, независимо от вмешательства.  Включает осмотр анестезиолога, постановку в/в катетера, мониторинг состояния во время операции, тонометрию, кардиомониторинг, инфузионную терапию во время операции, оксигенотерапию, выведение из состояния наркоза, не приведшие к положительному итогу",одно животное,2500,руб
Каждые дополнительные 30 минут интраоперационного мониторинга состояния животного,одно животное,550,руб
Послеоперационное нахождение животного в стационаре до конца рабочей смены анестезиолога (до 20-00),одно животное,бесплатно,
Местная анестезия,одна манипуляция,580,руб
Проводниковая анестезия периферического нерва,одна манипуляция,960,руб
Эпидуральная анестезия при проведении вмешательств,одна манипуляция,1200,руб
Постановка эпидурального катетера,одна манипуляция,2000,руб
"Гемотрансфузия: забор крови донора и переливание рецепиенту, (с учетом стоимости пакета для переливания)",одна манипуляция,2900,руб
Оксигенотерапия 1 час ,1 час,350,руб
Оксигенотерапия сутки,сутки,1500,руб
Реанимация ,одно животное,,
новорожденного,одно животное,600,руб
"животного, старше 3-х дней",одно животное,2500,руб
Ультразвуковое исследование,,,
Услуга,Единица измерения,Стоимость,
УЗИ органов брюшной полости,одно исследование ,2400,руб
УЗИ органов ЖКТ,одно исследование ,2200,руб
печень,одно исследование ,1100,руб
почки,одно исследование ,1000,руб
мочевой пузырь,одно исследование ,1000,руб
почки + мочевой пузырь,одно исследование ,1500,руб
селезенка,одно исследование ,1000,руб
простата,одно исследование ,1000,руб
семенники,одно исследование ,1000,руб
матка ,одно исследование ,1000,руб
яичники,одно исследование ,1300,руб
матка + яичники,одно исследование ,1800,руб
щитовидная железа,одно исследование ,1000,руб
Ультразвуковая диагностика беременности,одно исследование ,1000,руб
"УЗИ на исключение новообразования, наличие жидкости, FAST протокол ОРиТ (без выдачи заключения)",одно исследование ,1000,руб
Ультразвуковое исследование сердца (ЭХО),одно исследование ,2500,руб
Ультразвуковое скриннинговое ЭХО сердца с выдачей заключения,одно исследование ,1500,руб
Ультразвуковое скриннинговое ЭХО сердца с выдачей заключения международного образца,одно исследование ,2500,руб
Стационар,,,
Услуга,Единица измерения,Стоимость,
"1 категория (стабильные, послеоперационные, нетяжелые пациенты, требующие наблюдения и ухода, включая пребывание, кормление, выгул, смену подстилки, введение препаратов внутримышечно, внутривенно согласно назначениям, несложные обработки ран)",,,
"кошки, собаки до 5кг",12 часов,800,руб
собаки массой от 5кг до 10кг,12 часов,1000,руб
собаки массой от 10кг до 25кг,12 часов,1250,руб
собаки массой свыше 25кг,12 часов,1600,руб
"2 категория (пациенты средней тяжести, требующие наблюдения и ухода, включая пребывание, кормление, выгул, смену подстилки, обработки гнойных ран, смену дренажей, внутривенные капельные инфузии, выполнение сложного курсового лечения)",,,
"кошки, собаки до 5кг",12 часов,1400,руб
собаки массой от 5кг до 10кг,12 часов,1650,руб
собаки массой от 10кг до 25кг,12 часов,1900,руб
собаки массой свыше 25кг,12 часов,2200,руб
"3 категория (тяжелые пациенты, пациенты в критическом состоянии, требующие постоянного кардиомониторинга, оксигенотерапии, гемотрансфузии, введения противоэпилептических, кардиологических, гормональных препаратов)",,,
"кошки, собаки до 5кг",12 часов,2000,руб
собаки массой от 5кг до 10кг,12 часов,2300,руб
собаки массой от 10кг до 25кг,12 часов,2800,руб
собаки массой свыше 25кг,12 часов,3500,руб
Постановка назогастрального зонда с фиксацией ,одна манипуляция,700,руб
,,,
Общая хирургия,,,
Услуга,Единица измерения,Стоимость,
Удаление инородного тела из ротовой полости                                               ,одно животное,1500,руб
Удаление инородного тела из глотки                                                 ,одно животное,2500,руб
"Удаление инородного тела из пищевода, желудка (эндоскопически)",одно животное,,
"единичное инородное тело, удобное для захвата",,9750,руб
"тело, не удобное для захвата, не единичные инородные тела",,13640,руб
множественные и/или трудноизвлекаемые инородные тела,,16450,руб
"Оперативное удаление инородного тела из желудка,  кишечника",одно животное,,
"кошка, кот, собака до 5кг",,10620,руб
собака от 5кг до 15 кг,,12450,руб
собака от 15 до 30 кг        ,,14650,руб
собака свыше 30 кг,,16750,руб
Интраоперационная блокада брыжейки кишечника,одно животное,600,руб
"Резекция кишечника, операция при инвагинации кишечника",одно животное,,
"кошка, кот, собака до 5кг",,12620,руб
собака от 5кг до 15 кг,,14520,руб
собака от 15 до 30 кг        ,,17420,руб
собака свыше 30 кг,,20550,руб
Оперативное удаление копростаза,одно животное,,
"кошка, кот, собака до 5кг",,10620,руб
собака от 5кг до 15 кг,,12450,руб
собака от 15 до 30 кг        ,,14650,руб
собака свыше 30 кг,,16750,руб
Оперативное лечение мегаколона,одно животное,,
"кошка, кот, собака до 5кг",,12620,руб
собака от 5кг до 15 кг,,14520,руб
собака от 15 до 30 кг        ,,17420,руб
собака свыше 30 кг,,20550,руб
Оперативное удаление пупочной грыжи  ,одно животное,,
"кошка, кот, собака до 5кг",,5500,руб
собака от 5кг до 15 кг,,7200,руб
собака от 15 до 30 кг        ,,9850,руб
собака свыше 30 кг,,11930,руб
Удаление параректальной (промежностной) грыжи (без стоимости импланта),одно животное,,
односторонняя:         ,,,
"кошка, кот, собака до 5кг",,11850,руб
собака от 5кг до 15 кг,,12650,руб
собака от 15 до 30 кг        ,,15000,руб
собака свыше 30 кг,,18300,руб
двусторонняя:,одно животное,,
"кошка, кот, собака до 5кг",,16950,руб
собака от 5кг до 15 кг,,19150,руб
собака от 15 до 30 кг        ,,24350,руб
собака свыше 30 кг,,26850,руб
Удаление паховой грыжи (односторонняя) (без стоимости импланта),одно животное,,
"кошка, кот, собака до 5кг",,8150,руб
собака от 5кг до 15 кг,,10000,руб
собака от 15 до 30 кг        ,,12000,руб
собака свыше 30 кг,,15650,руб
Удаление диафрагмальной грыжи,одно животное,,
"кошка, кот, собака до 5кг",,16100,руб
собака от 5кг до 15 кг,,18250,руб
собака от 15 до 30 кг        ,,20150,руб
собака свыше 30 кг,,22380,руб
Спленэктомия,одно животное,,
"кошка, кот, собака до 5кг",,8640,руб
собака от 5кг до 15 кг,,9980,руб
собака от 15 до 30 кг        ,,11620,руб
собака свыше 30 кг,,14130,руб
Нефрэктомия,одно животное,,
"кошка, кот, собака до 5кг",,14250,руб
собака от 5кг до 15 кг,,17150,руб
собака от 15 до 30 кг        ,,18250,руб
собака свыше 30 кг,,19850,руб
Холецистэктомия,одно животное,,
"кошка, кот, собака до 5кг",,13600,руб
собака от 5кг до 15 кг,,16850,руб
собака от 15 до 30 кг        ,,21350,руб
собака свыше 30 кг,,25500,руб
"Заворот желудка, кишечника (оперативно)",одно животное,25000,руб
Острое расширение желудка (промывание),одно животное,12500,руб
"Вправление влагалища, матки, прямой кишки с наложением шва",одно животное,,
"кошка, кот, собака до 5кг",,5850,руб
собака от 5кг до 15 кг,,6850,руб
собака от 15 до 30 кг        ,,8950,руб
собака свыше 30 кг,,10950,руб
Вправление влагалища с иссечением (пластика влагалища),одно животное,,
"кошка, собака до 5кг",,9180,руб
собака от 5кг до 15 кг,,10520,руб
собака от 15 до 30 кг        ,,11690,руб
собака свыше 30 кг,,13050,руб
Диагностическая пункция брюшной полости                                                                    (без отведения содержимого),одно животное,500,руб
Удаление ПАЖ,одно животное,,
"кошка, кот, хорек",,10750,руб
собака до 10 кг,,13750,руб
собака от 10 до 30 кг        ,,15940,руб
собака свыше 30 кг,,18150,руб
Наложение внутрикожного (косметического) шва без стоимости материала,одна манипуляция,600,руб
Оперативное удаление гематомы уха (без стоимости наркоза),одно ухо,,
"кошка, кот, собака до 5кг",,8000,руб
собака от 5кг до 15кг,,8850,руб
собака от 15кг до 30кг        ,,9650,руб
собака свыше 30кг,,11350,руб
Диагностическая лапаротомия,одно животное,5000,руб
Постановка эзофагостомы,одно животное,1500,руб
Удаление параанальных желез,одна железа,7000,руб
Орхипексия (низведение семенника),одно животное,11650,руб
Кастрация и стерилизация,,,
Услуга,Единица измерения,Стоимость,
Кастрация кота (все включено)                    ,одно животное,2200,руб
Кастрация кобеля (все включено),одно животное,,
собака до 5кг,,7150,руб
собака от 5кг до 10кг,,9650,руб
собака от 10кг до 20кг        ,,11150,руб
собака от 20кг до 30кг        ,,12650,руб
собака от 30кг до 40кг        ,,14150,руб
собака свыше 40кг,,15350,руб
Кастрация крипторха (все включено),одно животное,,
"кот, паховый крипторхизм ",,5000,руб
"кот, брюшной крипторхизм",,11850,руб
"собака до 5кг, брюшной крипторхизм",,13850,руб
"собака от 5кг до 15кг, брюшной крипторхизм",,16850,руб
"собака от 15кг до 30кг, брюшной крипторхизм",,19850,руб
"собака от 30кг до 50кг, брюшной крипторхизм",,24850,руб
"собака от 50кг, брюшной крипторхизм",,29850,руб
"собака до 5кг, паховый крипторхизм",,8760,руб
"собака от 5кг до 15кг, паховый крипторхизм",,11350,руб
"собака от 15кг до 30кг, паховый крипторхизм",,12850,руб
"собака от 30кг до 50кг, паховый крипторхизм",,16450,руб
"собака от 50кг, паховый крипторхизм",,17150,руб
"Овариоэктомия, овариогистерэктомия (плановая стерилизация)",одно животное,,
кошка (всё включено)                      ,,5500,руб
кошка (все включено) - ЭНДОСКОПИЧЕСКИ,,11850,руб
собака (всё включено) - ТОЛЬКО ЭНДОСКОПИЧЕСКИ!:,одно животное,,
собака до 5кг,,13850,руб
собака от 5кг до 15кг,,16850,руб
собака от 15кг до 30кг        ,,19850,руб
собака от 30кг до 50кг,,24850,руб
собака свыше 50кг,,29850,руб
,,,
Эндоскопия и эндохирургия,,,
"Овариоэктомия, овариогистерэктомия (плановая стерилизация)",одно животное,,
кошка (все включено) ,одно животное,9850,руб
собака (всё включено) ,одно животное,,
собака до 5кг,,11850,руб
собака от 5кг до 15кг,,14850,руб
собака от 15кг до 30кг        ,,17850,руб
собака от 30кг до 50кг,,22850,руб
собака свыше 50кг,,26850,руб
Кастрация крипторха (все включено),одно животное,,
"кот, брюшной крипторхизм",,9850,руб
"собака до 5кг., брюшной крипторхизм",,11850,руб
"собака от 5кг до 15кг., брюшной крипторхизм",,14850,руб
"собака от 15кг до 30кг., брюшной крипторхизм",,17850,руб
"собака от 30кг до 50кг., брюшной крипторхизм",,22850,руб
"собака от 50кг, брюшной крипторхизм",,26850,руб
"Гастроскопия, колоноскопия (без взятия пат.материала)",одно животное,,
"кошка, кот, собака до 5кг",,5850,руб
собака от 5кг до 20кг,,6850,руб
собака от 20 до 40кг        ,,7850,руб
собака свыше 40кг,,8850,руб
"Удаление инородного тела из пищевода, желудка (эндоскопически)",одно животное,,
"единичное инородное тело, удобное для захвата",,9750,руб
"тело, не удобное для захвата, не единичные инородные тела",,13640,руб
множественные и/или трудноизвлекаемые инородные тела,,16450,руб
Трахеобронхоскопия (без взятия пат.материала),одно животное,,
"кошка, кот, собака до 5кг",,5850,руб
собака от 5кг до 20кг,,6850,руб
собака от 20 до 40кг        ,,7850,руб
собака свыше 40кг,,8850,руб
Лапароскопия диагностическая,одно животное,,
"кошка, кот, собака до 5кг",,5850,руб
собака от 5кг до 20кг,,6850,руб
собака от 20 до 40кг        ,,7850,руб
собака свыше 40кг,,8850,руб
Цистоскопия диагностическая,одно животное,,
"кошка, кот, собака до 5кг",,5850,руб
собака от 5кг до 20кг,,6850,руб
собака от 20 до 40кг        ,,7850,руб
собака свыше 40кг,,8850,руб
Риноскопия,одно животное,,
"кошка, кот, собака до 5кг",,5850,руб
собака от 5кг до 20кг,,6850,руб
собака от 20 до 40кг        ,,7850,руб
собака свыше 40кг,,8850,руб
Вагиноскопия,одно животное,,
"кошка, кот, собака до 5кг",,5850,руб
собака от 5кг до 20кг,,6850,руб
собака от 20 до 40кг        ,,7850,руб
собака свыше 40кг,,8850,руб
Отоскопия,одно ухо,,
"кошка, кот, собака до 5кг",,5850,руб
собака от 5кг до 20кг,,6850,руб
собака от 20 до 40кг        ,,7850,руб
собака свыше 40кг,,8850,руб
"Отоскопия, риноскопия с удалением новообразования",одно ухо,,
"кошка, кот, собака до 5кг",,10000,руб
собака от 5кг до 20кг,,12000,руб
собака от 20 до 40кг        ,,14000,руб
собака свыше 40кг,,16000,руб
Травматология и ортопедия,,,
Услуга,Единица измерения,Стоимость,
Расшифровка рентгенограммы без выдачи заключения                                                                                 ,один снимок,300,руб
Тройная остеотомия таза (одна сторона),одно животное,26950,руб
Ювенильный симфизоидез,одна манипуляция,10000,руб
"Коррегирующая остеотомия бедра, голени, плеча, предплечья",одна манипуляция,25000,руб
"Стабилизация позвоночника при  синдроме ""Cauda Equina""",одна манипуляция,26950,руб
Хирургическое лечение бурсита,одна манипуляция,11000,руб
Остеосинтез при переломах таза,одна манипуляция,25000,руб
"Остеосинтез интрамедулярный, накостный                                                                    (без стоимости металлоконструкций) 1 степени сложности",одна манипуляция,,
"кошка, кот, собака до 5кг",,13150,руб
собака от 5кг до 10кг,,13850,руб
собака от 10кг до 20кг        ,,15150,руб
собака от 20кг до 30кг,,18250,руб
собака от 30кг до 40кг,,19950,руб
собака свыше 40кг,,22450,руб
"Остеосинтез интрамедулярный, накостный                                                                    (без стоимости металлоконструкций) 2 степени сложности",одна манипуляция,,
"кошка, кот, собака до 5кг",,15850,руб
собака от 5кг до 10кг,,19680,руб
собака от 10кг до 20кг        ,,21650,руб
собака от 20кг до 30кг,,23550,руб
собака от 30кг до 40кг,,25890,руб
собака свыше 40кг,,27150,руб
"Остеосинтез интрамедулярный, накостный                                                                    (без стоимости металлоконструкций) 3 степени сложности",одна манипуляция,,
"кошка, кот, собака до 5кг",,21910,руб
собака от 5кг до 10кг,,23430,руб
собака от 10кг до 20кг        ,,26180,руб
собака от 20кг до 30кг,,28270,руб
собака от 30кг до 40кг,,31820,руб
собака свыше 40кг,,33850,руб
Остеосинтез с использованием внешней фиксации 1 степени сложности,одна манипуляция,,
"кошка, кот ",,12650,руб
собака до 10кг,,12650,руб
собака от 10кг до 20кг        ,,13850,руб
собака от 20кг до 40кг,,15250,руб
собака свыше 40кг,,16850,руб
Остеосинтез с использованием внешней фиксации 2 степени сложности,одна манипуляция,,
"кошка, кот ",,15650,руб
собака до 10кг,,15650,руб
собака от 10кг до 20кг        ,,16850,руб
собака от 20кг до 40кг,,18350,руб
собака свыше 40кг,,20850,руб
"Артродез запястного, заплюсневого сустава",одна манипуляция,,
"кошка, кот ",,14820,руб
собака до 10кг,,14820,руб
собака от 10кг до 20кг        ,,16450,руб
собака от 20кг до 40кг,,19300,руб
собака свыше 40кг,,22300,руб
"Артродез локтевого, коленного сустава",одна манипуляция,,
"кошка, кот ",,17850,руб
собака до 10кг,,18850,руб
собака от 10кг до 20кг        ,,20850,руб
собака от 20кг до 40кг,,22450,руб
собака свыше 40кг,,24450,руб
Ампутация фаланг (по показаниям),одна фаланга,,
"кошка, кот, собака до 5кг",,5600,руб
собака от 5кг до 15кг,,6800,руб
собака от 15кг до 30кг        ,,8100,руб
собака от 30кг до 50кг,,9850,руб
собака свыше 50кг,,10850,руб
Ампутация конечности (по показаниям),одна конечность,,
"кошка, кот, собака до 5кг",,13750,руб
собака от 5кг до 15кг,,15850,руб
собака от 15кг до 30кг        ,,18650,руб
собака от 30кг до 50кг,,22150,руб
собака свыше 50кг,,24600,руб
"Снятие штифта, пластины, установленной в клинике",одна манипуляция,,
"кошка, кот ",,4970,руб
собака до 10кг,,4970,руб
собака от 10кг до 20кг        ,,6120,руб
собака от 20кг до 40кг,,7870,руб
собака свыше 40кг,,9850,руб
"Снятие аппарата внешней фиксации, установленного в клинике",одна манипуляция,2000,руб
"На снятие металлоконструкций, установленных в других клиниках, действует двойной тариф",,,
Операции на плечевом суставе,,,
Вправление вывиха плечелопаточного сустава,одна манипуляция,,
закрытым способом (репозиция),,,
"кошка, кот",,5230,руб
собака до 10кг,,6450,руб
собака от 10кг до 20кг        ,,7100,руб
собака от 20кг до 40кг,,9500,руб
собака свыше 40кг,,10540,руб
открытым способом с созданием искусственной связки сустава,одна манипуляция,,
"кошка, кот",,11800,руб
собака до 10кг,,13800,руб
собака от 10кг до 20кг        ,,15980,руб
собака от 20кг до 40кг,,18080,руб
собака свыше 40кг,,21240,руб
Операции на локтевом суставе,,,
"Резекция клювовидного отростка, медиального венечного отростка",одна манипуляция,,
собака до 10кг,,14560,руб
собака от 10кг до 20кг        ,,16110,руб
собака от 20кг до 40кг,,18070,руб
собака свыше 40кг,,19680,руб
Динамическая остеотомия локтевой кости без удаления медиального венечного отростка,одна манипуляция,,
собака от 10кг до 20кг        ,,16100,руб
собака от 20кг до 40кг,,18100,руб
собака свыше 40кг,,20270,руб
Динамическая остеотомия локтевой кости с удалением медиального венечного отростка,одна манипуляция,,
собака от 10кг до 20кг        ,,24410,руб
собака от 20кг до 40кг,,27210,руб
собака свыше 40кг,,29840,руб
Операции на тазобедренном суставе,,,
Вправление ТБС закрытым способом (репозиция),одна манипуляция,,
"кошка, кот, хорек",,5240,руб
собака до 10кг,,6420,руб
собака от 10кг до 20кг        ,,7050,руб
собака от 20кг до 40кг,,8630,руб
собака свыше 40кг,,10520,руб
Вправление вывиха ТБС открытым способом с созданием искусственной круглой связки      ,одна манипуляция,,
"кошка, кот, хорек",,15800,руб
собака до 10кг,,15800,руб
собака от 10кг до 20кг        ,,17160,руб
собака от 20кг до 40кг,,20560,руб
собака свыше 40кг,,22450,руб
Резекция головки бедра,одна манипуляция,,
"кошка, кот, хорек",,14650,руб
собака до 10кг,,14650,руб
собака от 10кг до 20кг        ,,16350,руб
собака от 20кг до 40кг,,18450,руб
собака свыше 40кг,,20350,руб
Операции на коленном суставе,,,
Операция при разрыве ПКС,одна конечность,,
"кошка, кот, хорек",,14650,руб
собака до 10кг,,14650,руб
собака от 10кг до 20кг        ,,16350,руб
собака от 20кг до 40кг,,18450,руб
собака свыше 40кг,,20350,руб
Операция при вывихе коленной чашки,одна конечность,,
"кошка, кот, хорек",,14650,руб
собака до 10кг,,14650,руб
собака от 10кг до 20кг        ,,16350,руб
собака от 20кг до 40кг,,18450,руб
собака свыше 40кг,,20350,руб
Операции на позвоночнике и неврология,,,
Услуга,Единица измерения,Стоимость,
Миелография (со стоимостью расходных материалов),одно животное,9850,руб
"Переломы позвоночника, удаление новообразований головного и спинного мозга, мозговых оболочек. Ламинэктомия, гемиламинэктомия",одно животное,,
"кошка, кот, хорек",,23000,руб
собака до 10кг,,23000,руб
собака от 10 до 20кг        ,,24850,руб
собака от 20 до 40кг,,26850,руб
собака свыше 40кг,,29400,руб
Стабилизация атланто-аксиальной нестабильности,одно животное,23950,руб
Оперативное лечение грыжи шейного отдела позвоночника,одно животное,,
"кошка, кот, хорек",,23000,руб
собака до 10кг,,23000,руб
собака от 10 до 20кг        ,,24850,руб
собака от 20 до 40кг,,26850,руб
собака свыше 40кг,,29400,руб
Пластические операции,,,
Услуга,Единица измерения,Стоимость,
Резекция ушной раковины по медицинским показаниям,одна сторона,4850,руб
Ампутация хвоста ,одно животное,,
до 10 дней,,1000,руб
"кошка, кот, хорек",,5500,руб
собака до 10кг,,5500,руб
собака от 10 до 20кг        ,,6800,руб
собака от 20 до 40кг,,8300,руб
собака свыше 40кг,,10500,руб
Ампутация прибылых пальцев,одна конечность,,
до 10 дней,,880,руб
собака до 10кг,,2050,руб
собака от 10 до 20кг        ,,2350,руб
собака от 20 до 40кг,,2650,руб
собака свыше 40кг,,3130,руб
"Пластика мочки носа, ноздрей",одно животное,8850,руб
Пластика губ,одно животное,,
1-й степени сложности,,8850,руб
2-й степени сложности,,14350,руб
"Закрытие кожных дефектов, перенос кожных лоскутов, косметическая коррекция кожи",одна манипуляция,,
1-й степени сложности,,8850,руб
2-й степени сложности,,12950,руб
3-й степени сложности,,16450,руб
"Коррекция формы хвоста (клиновидный позвонок, залом хвоста и т.д.)",одна манипуляция,,
1-й степени сложности,,9720,руб
2-й степени сложности,,13420,руб
3-й степени сложности,,16870,руб
Операции на голове,,,
Услуга,Единица измерения,Стоимость,
Операции при переломах челюсти,одно животное,,
"кошка, кот, хорек",,8000-15000,руб
собака до 10кг,,8000-15000,руб
собака от 10кг до 20кг        ,,10000-18000,руб
собака от 20кг до 40кг,,12000-20000,руб
собака свыше 40кг,,14000-25000,руб
Вправление вывиха височно-нижнечелюстного сустава,одно животное,,
"кошка, кот, хорек",,8290,руб
собака до 10кг,,8290,руб
собака от 10кг до 20кг        ,,11540,руб
собака от 20кг до 40кг,,14130,руб
собака свыше 40кг,,16920,руб
"Ринотомия, трепанация пазух носа",одно животное,,
"кошка, кот, хорек",,12350,руб
собака до 10кг,,13730,руб
собака от 10кг до 20кг        ,,16120,руб
собака от 20кг до 40кг,,18130,руб
собака свыше 40кг,,20630,руб
Пластика слухового прохода (удаление новообразований),одно ухо,,
1-й степени сложности,,10850,руб
2-й степени сложности,,13250,руб
3-й степени сложности,,16650,руб
Операция при травматическом расщеплении твердого неба,одно животное,,
"кошка, кот, хорек",,9550,руб
собака до 10кг,,9550,руб
собака от 10кг до 20кг        ,,11950,руб
собака от 20кг до 40кг,,15150,руб
собака свыше 40кг,,16850,руб
Резекция лицевой брахицефалической складки,одно животное,,
собака до 10кг,,10750,руб
собака от 10кг до 20кг        ,,12360,руб
собака от 20кг до 40кг,,15960,руб
собака свыше 40кг,,19840,руб
Буллотомия,одно животное,,
"кошка, собака до 10кг",,12450,руб
собака от 10 до 20кг        ,,16250,руб
собака от 20 до 40кг,,18890,руб
собака свыше 40кг,,21480,руб
Артропластика височно-нижнечелюстного сустава,одно животное,,
"кошка, собака до 10кг",,12750,руб
собака от 10 до 20кг        ,,15360,руб
собака от 20 до 40кг,,18960,руб
собака свыше 40кг,,22840,руб
Удаление нижнечелюстной или подъязычной слюнной железы,одна сторона,11450,руб
Промывание НСП (без стоимости анестезии),один глаз,1000,руб
Промывание НСП (без стоимости анестезии),два глаза,1800,руб
Пластика небной занавески (удаление мягкого неба),одно животное,9850,руб
Вправление глазного яблока,одно животное,6120,руб
Удаление глазного яблока,одно животное,8120,руб
"Пластика твердого неба при ""волчьей пасти""",одно животное,12350,руб
Операция при завороте век,одно веко,5950,руб
Операция при вывороте век,одно веко,5950,руб
Операция при выпадении хряща железы третьего века,одно веко,5970,руб
Обрезка клюва ,одна птица,500,руб
"Урология, гинекология",,,
Услуга,Единица измерения,Стоимость,
Катетеризация мочевого пузыря (без стоимости наркоза),одно животное,,
кот,,800,руб
кошка,,1000,руб
кобель,,800,руб
сука,,1000,руб
Катетеризация мочевого пузыря при обструкции уретры (без стоимости наркоза),одно животное,,
кот,,1850,руб
кошка,,2250,руб
кобель,,1850,руб
сука,,2250,руб
Уретростомия,одно животное,,
"кошка, кот, хорек",,11550,руб
собака до 10кг,,11550,руб
собака от 10кг до 20кг        ,,13850,руб
собака от 20кг до 40кг,,15450,руб
собака свыше 40кг,,17450,руб
Цистотомия                                                                  ,одно животное,,
"кошка, кот, хорек",,11550,руб
собака до 10кг,,11550,руб
собака от 10кг до 20кг        ,,13850,руб
собака от 20кг до 40кг,,15450,руб
собака свыше 40кг,,17450,руб
"Лапароскопически ассистированная цистоскопия, цистотомия с извлечением конкрементов",одно животное,,
"кошка, кот, хорек",,14550,руб
собака до 10кг,,14550,руб
собака от 10 до 20кг        ,,16450,руб
собака от 20 до 40кг,,18550,руб
собака свыше 40кг,,20450,руб
"Овариогистерэктомия вынужденная (при пиометре, мукометре, без стоимости анестезии и расходных материалов)",одно животное,,
кошка (все включено),,9000,руб
собака до 6 кг,,9000,руб
собака от 6 до 12кг,,11540,руб
собака от 12 до 20кг,,14850,руб
собака от 20 до 40кг,,16850,руб
собака свыше 40кг,,20850,руб
Онкология,,,
Услуга,Единица измерения,Стоимость,
Удаление новообразования ,одна манипуляция,,
"удаление папилломы кожи, слизистой оболочки",,1250,руб
новообразование до 5см в диаметре,,3980,руб
новообразование от 5 до 10см в диаметре,,8150,руб
новообразование свыше 10см в диаметре,,13650,руб
"Удаление крупного, множественного или труднодоступного новообразования",одна манипуляция,,
1 степени сложности,,9650,руб
2 степени сложности,,13850,руб
3 степени сложности,,20880,руб
"Удаление новообразования молочных желез, мягких тканей             ",одна манипуляция,,
мелкое (до 5см),,5860,руб
среднее (от 5 до 10см),,8280,руб
крупное  (свыше 10см),,10850,руб
Сегментарная мастэктомия ,один сегмент,,
"кошка, кот, хорек",,10000,руб
собака до 10кг,,11000,руб
собака от 10кг до 20кг        ,,12000,руб
собака от 20кг до 40кг,,13000,руб
собака свыше 40кг,,15000,руб
Унилатеральная мастэктомия,одна гряда,,
"кошка, кот, хорек",,15000,руб
собака до 10кг,,16500,руб
собака от 10кг до 20кг        ,,18000,руб
собака от 20кг до 40кг,,19500,руб
собака свыше 40кг,,22500,руб
Тотальная мастэктомия,одно животное,,
"кошка, кот, хорек",,20000,руб
собака до 10кг,,22000,руб
собака от 10кг до 20кг        ,,24000,руб
собака от 20кг до 40кг,,26000,руб
собака свыше 40кг,,30000,руб
Удаление папилломы в ротовой полости,одна манипуляция,,
"мелкие собаки, кошки",,4250,руб
средние собаки (от 10кг до 25кг),,6200,руб
крупные собаки,,7520,руб
Удаление обширного образования в ротовой полости,одна манипуляция,,
"мелкие собаки, кошки",,9390,руб
средние собаки (от 10кг до 25кг),,11470,руб
крупные собаки,,13640,руб
Удаление новообразования в препуции (влагалище) 1 степень сложности,одно животное,,
собака до 10кг,,7550,руб
собака от 10кг до 20кг        ,,9550,руб
собака от 20кг до 40кг,,12650,руб
собака свыше 40кг,,15650,руб
Удаление новообразования в препуции (влагалище) 2 степень сложности,одно животное,,
собака до 10кг,,11410,руб
собака от 10кг до 20кг        ,,13720,руб
собака от 20кг до 40кг,,16230,руб
собака свыше 40кг,,20680,руб
Удаление новообразования мочевого пузыря,одно животное,,
"кошка, кот, хорек",,11550,руб
собака до 10кг,,11550,руб
собака от 10кг до 20кг        ,,13850,руб
собака от 20кг до 40кг,,15450,руб
собака свыше 40кг,,17450,руб
Удаление лимфоузла,один лимфоузел,1200,руб
Репродукция,,,
Услуга,Единица измерения,Стоимость,
Взятие мазков с микроскопией и окрашиванием,одно животное,650,руб
Взятие спермы,одна манипуляция,1700,руб
Охлаждение спермы,одна манипуляция,7000,руб
Заморозка спермы,одна манипуляция,10000,руб
Хранение замороженной спермы,один год,8000,руб
Спермограмма,одна манипуляция,1700,руб
Искусственное оплодотворение ,одна манипуляция,,
Влагалищным способом свежей/охлажденной  спермой,одна манипуляция,2200,руб
Внутриматочное с эндоскопической поддержкой,одна манипуляция,10000,руб
"Открытым способом (оперативное, без стоимости медикаментов)",одна манипуляция,6850,руб
"Определение уровня прогестерона (экспресс, ответ в течение часа)",одно исследование ,600,руб
Определение уровня эстрогена (ответ в течение 3 суток),одно исследование ,850,руб
УЗИ яичников ,одно исследование ,1300,руб
УЗИ матки,одно исследование ,1000,руб
УЗИ яичников+матка ,одно исследование ,1800,руб
УЗИ простаты,одна манипуляция,1000,руб
УЗИ семенников,одна манипуляция,1000,руб
Взятие материала для гистологического исследования,одно животное,700,руб
Гистологическое исследование ,одно исследование ,2500,руб
Взятие смывов на бак.посев,одно животное,700,руб
Экспресс-оценка качества спермы (микроскопия),одна манипуляция,700,руб
Пункция простаты,одна манипуляция,4650,руб
Пункция семенников,одна манипуляция,2210,руб
Родильное отделение и отделение неонатологии,,,
Услуга,Единица измерения,Стоимость,
Родовспоможение ,Одно животное,,
Кошки,один час,1100,руб
Собаки,один час,1100,руб
Реанимация новорождённого,одно животное,750,руб
Кесарево сечение с сохранением матки (без реанимации новорожденных),одно животное,,
"кошка, собака до 5кг",,12000,руб
собака от 5кг до 15кг,,14000,руб
собака от 15кг до 30кг        ,,17000,руб
собака от 30кг до 50кг,,19000,руб
собака свыше 50кг,,24000,руб
Кесарево сечение с удалением матки (без реанимации новорожденных),одно животное,,
"кошка, собака до 5кг",,14000,руб
собака от 5кг до 15кг,,16000,руб
собака от 15кг до 30кг        ,,19000,руб
собака от 30кг до 50кг,,21000,руб
собака свыше 50кг,,26000,руб
Уход за новорожденными,Одно животное,,
"при искусственном вскармливании до 10 дней  (без стоимости питания), 12 часов",первое животное в помете,1800,руб
"при искусственном вскармливании до 10 дней  (без стоимости питания), 12 часов",каждое последующее животное в помете,900,руб
"при искусственном вскармливании старше 10 суток (без стоимости питания), 12 часов",первое животное в помете,1000,руб
"при искусственном вскармливании старше 10 суток (без стоимости питания), 12 часов",каждое последующее животное в помете,500,руб
Осмотр помёта до 10 щенков,одна манипуляция,1800,руб
Осмотр помёта свыше 10 щенков,одна манипуляция,2900,руб
Дерматология,,,
Услуга,Единица измерения,Стоимость,
Первичный прием ветеринарного врача-дерматолога,одно животное,2000,руб
Повторный прием ветеринарного врача-дерматолога ,одно животное,1500,руб
Отоскопия ,одно животное,400,руб
Взятие материала на бак.посев ,одно животное,350,руб
"Взятие мазка, соскоба с окрашиванием и микроскопией",одно животное,650,руб
"Взятие мазка, соскоба без микроскопии",одна манипуляция,250,руб
Цитологическое исследование кожи,одна манипуляция,650,руб
Взятие посева на дерматофиты,одно животное,330,руб
Трихоскопия,одно животное,330,руб
Стоматология,,,
Услуга,Единица измерения,Стоимость,
Первичный прием стоматолога,одно животное,1500,руб
"Повторный прием, консультация стоматолога",одно животное,800,руб
Снятие зубных отложений ультразвуком,один зуб,800,руб
"Санация ротовой полости 1 степени сложности (снятие камня УЗ, удаление нежизнеспособных зубов, полировка) ",,,
"кошки, собаки до 5кг",вся ротовая полость,4350,руб
собаки от 5кг до 10кг,вся ротовая полость,4850,руб
собаки от 10 до 25кг,вся ротовая полость,5350,руб
собаки свыше 25кг,вся ротовая полость,6350,руб
"Санация ротовой полости 2 степени сложности (снятие камня УЗ, удаление нежизнеспособных зубов, полировка)",,,
"кошки, собаки до 5кг",вся ротовая полость,5550,руб
собаки от 5кг до 10кг,вся ротовая полость,6050,руб
собаки от 10 до 25кг,вся ротовая полость,6550,руб
собаки свыше 25кг,вся ротовая полость,7550,руб
"Санация ротовой полости 3 степени сложности (снятие камня УЗ, удаление нежизнеспособных зубов, полировка)",,,
"кошки, собаки до 5кг",вся ротовая полость,6850,руб
собаки от 5кг до 10кг,вся ротовая полость,7350,руб
собаки от 10 до 25кг,вся ротовая полость,7850,руб
собаки свыше 25кг,вся ротовая полость,8850,руб
Полировка,Одна манипуляция,,
один зуб,,350,руб
вся ротовая полость,,1200,руб
"Эндодонтическое лечение (инструментальная и медикаментозная обработка корневого канала, пломбирование корневого канала, реставрация коронки)",один зуб,,
резец,,4100,руб
премоляр,,5120,руб
моляр,,6240,руб
клык,,6940,руб
Пломбирование зуба,один зуб,1500-4000,руб
Шинирование резцов (шинирование зубов производится только после снятия зубных отложений),одно животное,2640,руб
Лечение патологии прикуса ,одно животное,5000-15000,руб
"Вскрытие одонтогенного абсцесса, промывание, дренирование",одно животное,1940,руб
Реставрация эмали зуба,один зуб,1850,руб
"Гингивопластика, ушивание ороназальной фистулы",один зуб,2250,руб
Нанесение лекарственных средств,вся ротовая полость,260,руб
Удаление зуба:,,,
"молочный резец, премоляр",один зуб,180,руб
молочный клык,один зуб,950,руб
1-корневой,один зуб,350,руб
2-корневой,один зуб,700,руб
3-корневой,один зуб,1000-3000,руб
клык,один зуб,1000-3000,руб
постоянный качающийся,один зуб,220,руб
Тотальное удаление зубов у кошек,вся ротовая полость,,
С клыками,,10000,руб
Без клыков,,7000,руб
,,,
"Груминг животных, косметические манипуляции, окрашивание",,,
Порода,"Стрижка, руб","Гигиена, руб",Вр.
Бишон,1800,1400,3
Американский кокер-спаниель ,2600,2400,3-4
Английский кокер-спаниль,2400,2200,3
Вельш корги пемброк,1600,1400,2
"Гриффоны бельгийский, брюссельский ",1800,1400,2-3
Китайская хохлатая голая,1400,1000,1.25
Китайская хохлатая пуховая,1600,1400,2.5
Мальтийская болонка (мальтезе),1500,1200,2-3
Мопс,-,1000,1.25
Папийон,1400,1200,"1,5-2"
Пекинес,1800,1600,"2,5-3"
Той- пудель (до 28см),1500,1300,2
Миниатюрный пудель (29-35см),1600,1400,3
Малый пудель (35-45см),1800,1600,3
Такса ж/ш стандарт,1600,1200,3
Такса д/ш стандарт,1400,1200,2
Вестхайленд уайт терьер,2400,2000,"2,5-3"
"Джек Рассел, Парсон Рассел терьер ",2000,1500,2
Йоркширский терьер,1400,1200,"1,5-2"
Скотч терьер,2400,2000,3
Той терьер д/ш,1200,900,1.25
Фокстерьер,2400,2000,3-4
Чау-Чау,3500,3000,4
Чихуа-хуа д/ш,1400,900,3.5
Шелти,1800,1600,"1,5-2"
Ши-тцу,1700,1500,2-3
Цвергшнауцер,1800,1600,"2,5-3"
"Шпиц померанский, малый (до 30см)",1600,1400,2
Шпиц средний (30-45см),2000,1600,2.5
Шпиц большой (от 45см),2400,2000,3.5
Японский хин,1400,1100,2
"Петербургская орхидея, Невский флер",1400,1200,"1,5-2"
Кошки,2000,1500,1-2
"Агрессивные животные, а также животные в колтунах, обслуживаются с наценкой 500р.",,,
Выщипывание шерсти из ушного канала,одно животное,300,руб
Нанесение блеск-тату,одна манипуляция,100-400,руб
Нанесение блеска/страз на уши,одна манипуляция,50-300,руб
Креативное окрашивание шерсти,одно животное,от 200,руб
Лабораторная диагностика,,,
Клинический анализ крови,одно исследование,1100,руб
Биохимический анализ крови (10 показателей),одно исследование,1900,руб
Общий анализ мочи,одно исследование,550,руб
Анализ кала (копрограмма),одно исследование,650,руб
Анализ кала на яйца гельминтов/простейшие,одно исследование,550,руб
Спермограмма,одно исследование,1700,руб
Цитологическое исследование ,одно исследование,1600,руб
Гистологическое исследование,одно исследование,2500,руб
"Диагностика инфекций методом ПЦР, ИФА и др.",Исследования проводятся сторонними лабораториями. Стоимость определяется согласно прейскуранту этих лабораторий. ,,
Диагностика гельминтов методом ПЦР,Исследования проводятся сторонними лабораториями. Стоимость определяется согласно прейскуранту этих лабораторий. ,,
Диагностика простейших методом ПЦР,Исследования проводятся сторонними лабораториями. Стоимость определяется согласно прейскуранту этих лабораторий. ,,
"Исследование крови на гормоны методом ИФА, ИХФА",Исследования проводятся сторонними лабораториями. Стоимость определяется согласно прейскуранту этих лабораторий. ,,
Бактериологический посев,Исследования проводятся сторонними лабораториями. Стоимость определяется согласно прейскуранту этих лабораторий. ,,
Эутаназия и ритуальные услуги,,,
Услуга,Единица измерения,Стоимость,
"Эутаназия (со стоимостью препаратов и расходных материалов) Производится исключительно тяжелобольным, не имеющим шансов на выздоровление животным, по медицинским показаниям!",,,
"Мелкие грызуны (хомяк, мышь, крыса, морская свинка)",одно животное,1000,руб
"Кот, кошка, кролик, хорек",одно животное,3000,руб
Собака до 5кг,одно животное,3000,руб
Собака от 5кг до 10кг        ,одно животное,4000,руб
Собака от 10кг до 25кг,одно животное,5000,руб
Собака от 25кг до 45кг,одно животное,6000,руб
Собака от 45кг до 60кг,одно животное,6500,руб
Собака свыше 60кг,одно животное,7500,руб
Кремация,,,
"Мелкие грызуны (хомяк, мышь, крыса, морская свинка)",одно животное,1000,руб
"Кот, кошка, кролик, хорек",одно животное,3000,руб
Собака до 5кг,одно животное,3000,руб
Собака от 5кг до 10кг        ,одно животное,4000,руб
Собака от 10кг до 25кг,одно животное,5000,руб
Собака от 25кг до 45кг,одно животное,6000,руб
Собака от 45кг до 60кг,одно животное,6500,руб
Собака свыше 60кг,одно животное,7500,руб
Индивидуальная кремация (с выдачей праха в пластиковом контейнере и видеофиксацией),,,
"Мелкие грызуны (хомяк, мышь, крыса, морская свинка)",одно животное,6000,руб
"Кот, кошка, кролик, хорек",одно животное,6000,руб
Собака до 5кг,одно животное,6000,руб
Собака от 5кг до 10кг        ,одно животное,8000,руб
Собака от 10кг до 25кг,одно животное,10000,руб
Собака от 25кг до 45кг,одно животное,11000,руб
Собака от 45кг до 60кг,одно животное,12000,руб
Собака свыше 60кг,одно животное,14000,руб
